Id,Date,Total Purchase,Location,Day of the Month,Week of the Month,Day of the Week,Month,Year
1,8/4/2026,$1.98,Panera,04,1,Tuesday,August,2026
2,8/4/2026,$2.20,Taco Bell,04,1,Tuesday,August,2026
3,8/2/2026,$9.65,Paris Baguette,02,1,Sunday,August,2026
4,8/1/2026,$7.76,Panera,01,1,Saturday,August,2026
5,7/29/2026,$9.17,Levy,29,5,Wednesday,July,2026
6,7/28/2026,$13.50,Potbelly,28,4,Tuesday,July,2026
7,7/28/2026,$14.63,Chipotle,28,4,Tuesday,July,2026
8,7/28/2026,$3.63,Wawa,28,4,Tuesday,July,2026
9,7/28/2026,$9.23,Merriweather Post Pavilion,28,4,Tuesday,July,2026
10,7/27/2026,$7.50,Panera,27,4,Monday,July,2026
11,7/26/2026,$5.98,Costco,26,4,Sunday,July,2026
12,7/25/2026,$15.34,Panera,25,4,Saturday,July,2026
13,7/24/2026,$1.30,Panera,24,4,Friday,July,2026
14,7/23/2026,$3.63,Wawa,23,4,Thursday,July,2026
15,7/23/2026,$33.55,Taco Bamba,23,4,Thursday,July,2026
16,7/22/2026,$12.30,The Human Bean,22,4,Wednesday,July,2026
17,7/22/2026,$48.95,Pupatella,22,4,Wednesday,July,2026
18,7/22/2026,$20.24,Rice Culture,22,4,Wednesday,July,2026
19,7/22/2026,$3.13,Starbucks,22,4,Wednesday,July,2026
20,7/18/2026,$18.33,Panera,18,3,Saturday,July,2026
21,7/17/2026,$10.55,Costco,17,3,Friday,July,2026
22,7/17/2026,$35.71,Shake Shake,17,3,Friday,July,2026
23,7/16/2026,$3.30,Panera,16,3,Thursday,July,2026
24,7/15/2026,$4.23,Panera,15,3,Wednesday,July,2026
25,7/14/2026,$10.58,Panera,14,2,Tuesday,July,2026
26,7/12/2026,$16.43,Anitas,12,2,Sunday,July,2026
27,7/12/2026,$9.88,Wawa,12,2,Sunday,July,2026
28,7/11/2026,$18.42,Anitas,11,2,Saturday,July,2026
29,7/10/2026,$6.81,Chick-Fil-A,10,2,Friday,July,2026
30,7/10/2026,$32.13,Panera,10,2,Friday,July,2026
31,7/8/2026,$11.66,Chick-Fil-A,08,2,Wednesday,July,2026
32,7/7/2026,$7.50,Panera,07,1,Tuesday,July,2026
33,7/6/2026,$3.02,Panera,06,1,Monday,July,2026
34,7/5/2026,$10.55,Costco,05,1,Sunday,July,2026
35,7/3/2026,$27.00,Waffle House,03,1,Friday,July,2026
36,7/3/2026,$26.15,Aramark,03,1,Friday,July,2026
37,7/3/2026,$8.41,Bantam Coffee,03,1,Friday,July,2026
38,7/3/2026,$10.55,Costco,03,1,Friday,July,2026
39,7/3/2026,$18.54,Anitas,03,1,Friday,July,2026
40,7/2/2026,$11.34,Panera,02,1,Thursday,July,2026
41,7/1/2026,$13.43,Château de Chantilly,01,1,Wednesday,July,2026
42,6/28/2026,$1.59,Costco,28,4,Sunday,June,2026
43,6/27/2026,$10.04,Anitas,27,4,Saturday,June,2026
44,6/27/2026,$44.18,Aslin's,27,4,Saturday,June,2026
45,6/26/2026,$3.80,Costco,26,4,Friday,June,2026
46,6/25/2026,$18.42,Anitas,25,4,Thursday,June,2026
47,6/24/2026,$3.63,Wawa,24,4,Wednesday,June,2026
48,6/24/2026,$22.96,Potbelly,24,4,Wednesday,June,2026
49,6/23/2026,$23.04,Chipotle,23,4,Tuesday,June,2026
50,6/23/2026,$7.63,Mr Wish,23,4,Tuesday,June,2026
51,6/23/2026,$13.65,Childhood Cafe,23,4,Tuesday,June,2026
52,6/22/2026,$15.00,Anitas,22,4,Monday,June,2026
53,6/22/2026,$15.45,Chicken Salad Chick,22,4,Monday,June,2026
54,6/18/2026,$10.55,Costco,18,3,Thursday,June,2026
55,6/17/2026,$15.00,Anitas,17,3,Wednesday,June,2026
56,6/17/2026,$4.21,Panera,17,3,Wednesday,June,2026
57,6/17/2026,$3.25,Vending Machine,17,3,Wednesday,June,2026
58,6/16/2026,$5.73,7-Eleven,16,3,Tuesday,June,2026
59,6/15/2026,$1.97,McDonald's,15,3,Monday,June,2026
60,6/15/2026,$11.44,Starbucks,15,3,Monday,June,2026
61,6/13/2026,$16.10,Anitas,13,2,Saturday,June,2026
62,6/13/2026,$6.81,Chick-Fil-A,13,2,Saturday,June,2026
63,6/13/2026,$31.49,Sweeteria,13,2,Saturday,June,2026
64,6/13/2026,$12.78,Jirani,13,2,Saturday,June,2026
65,6/12/2026,$20.86,Qamaria,12,2,Friday,June,2026
66,6/11/2026,$12.63,Chick-Fil-A,11,2,Thursday,June,2026
67,6/11/2026,$22.82,Chipotle,11,2,Thursday,June,2026
68,6/9/2026,$14.78,Costco,09,2,Tuesday,June,2026
69,6/8/2026,$5.85,Panera,08,2,Monday,June,2026
70,6/6/2026,$9.71,Panera,06,1,Saturday,June,2026
71,6/6/2026,$16.43,Anitas,06,1,Saturday,June,2026
72,6/5/2026,$27.50,The Sandwich Shop,05,1,Friday,June,2026
73,6/4/2026,$4.23,Panera,04,1,Thursday,June,2026
74,6/3/2026,$5.46,Panera,03,1,Wednesday,June,2026
75,6/3/2026,$4.23,Panera,03,1,Wednesday,June,2026
76,6/2/2026,$5.45,Panera,02,1,Tuesday,June,2026
77,6/2/2026,$10.55,Costco,02,1,Tuesday,June,2026
78,6/1/2026,$15.59,Bruster's Ice Cream,01,1,Monday,June,2026
79,5/30/2026,$14.51,Chick-Fil-A,30,5,Saturday,May,2026
80,5/29/2026,$3.70,Costco,29,5,Friday,May,2026
81,5/29/2026,$17.67,Aslin's,29,5,Friday,May,2026
82,5/27/2026,$11.69,Wawa,27,4,Wednesday,May,2026
83,5/26/2026,$8.05,7-Eleven,26,4,Tuesday,May,2026
84,5/25/2026,$8.42,Bruster's Ice Cream,25,4,Monday,May,2026
85,5/25/2026,$39.65,Chick-Fil-A,25,4,Monday,May,2026
86,5/24/2026,$21.82,Roaming Rooster,24,4,Sunday,May,2026
87,5/23/2026,$22.99,Aslin's,23,4,Saturday,May,2026
88,5/22/2026,$28.27,Pitango Old Town,22,4,Friday,May,2026
89,5/22/2026,$3.63,Wawa,22,4,Friday,May,2026
90,5/21/2026,$9.72,Starbucks,21,3,Thursday,May,2026
91,5/20/2026,$31.87,Charred Gourmet Burger,20,3,Wednesday,May,2026
92,5/20/2026,$15.40,Yu Noodles,20,3,Wednesday,May,2026
93,5/20/2026,$5.43,Wawa,20,3,Wednesday,May,2026
94,5/17/2026,$23.27,Anitas,17,3,Sunday,May,2026
95,5/17/2026,$51.91,Aslin's,17,3,Sunday,May,2026
96,5/17/2026,$3.02,7-Eleven,17,3,Sunday,May,2026
97,5/15/2026,$23.08,Château de Chantilly,15,3,Friday,May,2026
98,5/15/2026,$3.51,Panera ,15,3,Friday,May,2026
99,5/14/2026,$3.63,Wawa,14,2,Thursday,May,2026
100,5/13/2026,$4.92,Starbucks,13,2,Wednesday,May,2026
101,5/13/2026,$17.55,Starbucks,13,2,Wednesday,May,2026
102,5/11/2026,$5.43,Wawa,11,2,Monday,May,2026
103,5/11/2026,$1.59,Costco,11,2,Monday,May,2026
104,5/10/2026,$23.89,Château de Chantilly,10,2,Sunday,May,2026
105,5/8/2026,$11.55,The Human Bean,08,2,Friday,May,2026
106,5/6/2026,$10.59,Little Caesars,06,1,Wednesday,May,2026
107,5/2/2026,$9.01,Wendy's,02,1,Saturday,May,2026
108,5/2/2026,$13.75,Taco Bell,02,1,Saturday,May,2026
109,5/1/2026,$16.36,Chick-Fil-A,01,1,Friday,May,2026
110,5/1/2026,$15.39,Anitas,01,1,Friday,May,2026
111,4/28/2026,$19.59,Little Caesars,28,4,Tuesday,April,2026
112,4/27/2026,$3.52,Panera,27,4,Monday,April,2026
113,4/26/2026,$6.55,Starbucks,26,4,Sunday,April,2026
114,4/26/2026,$11.95,Panera,26,4,Sunday,April,2026
115,4/26/2026,$33.73,District Taco,26,4,Sunday,April,2026
116,4/25/2026,$36.73,Château De Chantilly,25,4,Saturday,April,2026
117,4/23/2026,$12.02,Dairy Queen,23,4,Thursday,April,2026
118,4/23/2026,$1.96,The Human Bean,23,4,Thursday,April,2026
119,4/22/2026,$3.03,Wawa,22,4,Wednesday,April,2026
120,4/21/2026,$17.04,Taco Bell,21,3,Tuesday,April,2026
121,4/17/2026,$1.65,Costco,17,3,Friday,April,2026
122,4/17/2026,$10.55,Costco,17,3,Friday,April,2026
123,4/12/2026,$5.43,Wawa,12,2,Sunday,April,2026
124,4/12/2026,$13.00,Anitas,12,2,Sunday,April,2026
125,4/12/2026,$23.05,Darna,12,2,Sunday,April,2026
126,4/9/2026,$3.63,Wawa,09,2,Thursday,April,2026
127,4/8/2026,$25.63,Chipotle,08,2,Wednesday,April,2026
128,4/7/2026,$4.22,Costco,07,1,Tuesday,April,2026
129,4/5/2026,$22.71,Anitas,05,1,Sunday,April,2026
130,4/5/2026,$12.14,The Human Bean,05,1,Sunday,April,2026
131,4/5/2026,$1.81,Exxon,05,1,Sunday,April,2026
132,4/5/2026,$10.59,Little Caesars,05,1,Sunday,April,2026
133,4/3/2026,$18.75,Qamaria Yemen Coffee,03,1,Friday,April,2026
134,4/2/2026,$5.94,Wawa,02,1,Thursday,April,2026
135,4/2/2026,$10.57,Costco,02,1,Thursday,April,2026
136,4/1/2026,$9.44,Wegmans,01,1,Wednesday,April,2026
137,3/31/2026,$19.01,Sonic,31,5,Tuesday,March,2026
138,3/29/2026,$21.49,Anitas,29,5,Sunday,March,2026
139,3/29/2026,$9.86,7-Eleven,29,5,Sunday,March,2026
140,3/27/2026,$7.43,Mr. Wish,27,4,Friday,March,2026
141,3/27/2026,$5.29,Subway,27,4,Friday,March,2026
142,3/26/2026,$15.89,Taco Bell,26,4,Thursday,March,2026
143,3/24/2026,$1.60,Lidl,24,4,Tuesday,March,2026
144,3/24/2026,$8.21,Qamaria Yemen Coffee,24,4,Tuesday,March,2026
145,3/22/2026,$10.01,Panda Express,22,4,Sunday,March,2026
146,3/22/2026,$12.64,Basic Burger,22,4,Sunday,March,2026
147,3/21/2026,$13.00,Anitas,21,3,Saturday,March,2026
148,3/21/2026,$12.70,Little Caesars,21,3,Saturday,March,2026
149,3/20/2026,$9.00,Subway,20,3,Friday,March,2026
150,3/20/2026,$18.86,Chick-Fil-A,20,3,Friday,March,2026
151,3/17/2026,$12.97,Qamaria Yemeni Coffee,17,3,Tuesday,March,2026
152,3/16/2026,$11.31,7-Eleven,16,3,Monday,March,2026
153,3/13/2026,$30.83,Chipotle,13,2,Friday,March,2026
154,3/11/2026,$7.47,Wendy's,11,2,Wednesday,March,2026
155,3/10/2026,$4.29,Chick-Fil-A,10,2,Tuesday,March,2026
156,3/8/2026,$22.53,Kaldis Social House,08,2,Sunday,March,2026
157,3/8/2026,$8.20,Taco Bell,08,2,Sunday,March,2026
158,3/7/2026,$7.93,Costco,07,1,Saturday,March,2026
159,3/5/2026,$6.91,Weird Bros,05,1,Thursday,March,2026
160,3/5/2026,$10.59,Little Caesars,05,1,Thursday,March,2026
161,3/2/2026,$7.35,Wawa,02,1,Monday,March,2026
162,3/1/2026,$6.71,Detour Coffee,01,1,Sunday,March,2026
163,3/1/2026,$4.95,Qamaria Yemen Coffee,01,1,Sunday,March,2026
164,3/1/2026,$28.25,Chipotle,01,1,Sunday,March,2026
165,2/26/2026,$7.42,Qamaria Yemen Coffee,26,4,Thursday,February,2026
166,2/24/2026,$7.72,Panera,24,4,Tuesday,February,2026
167,2/24/2026,$3.63,Wawa,24,4,Tuesday,February,2026
168,2/23/2026,$16.37,Subway,23,4,Monday,February,2026
169,2/22/2026,$20.39,Qamaria Yemen Coffee,22,4,Sunday,February,2026
170,2/21/2026,$21.73,Taco Bamba,21,3,Saturday,February,2026
171,2/21/2026,$7.93,Costco,21,3,Saturday,February,2026
172,2/20/2026,$8.47,Qamaria Yemen Coffee,20,3,Friday,February,2026
173,2/18/2026,$21.60,Hyatt,18,3,Wednesday,February,2026
174,2/18/2026,$8.20,Mr Wish,18,3,Wednesday,February,2026
175,2/18/2026,$19.91,Subway,18,3,Wednesday,February,2026
176,2/15/2026,$10.59,Little Caesars,15,3,Sunday,February,2026
177,2/15/2026,$1.90,Taco Bell,15,3,Sunday,February,2026
178,2/15/2026,$15.00,Starbucks,15,3,Sunday,February,2026
179,2/11/2026,$19.34,Qamaria Yemen Coffee,11,2,Wednesday,February,2026
180,2/8/2026,$11.45,Anitas,08,2,Sunday,February,2026
181,2/8/2026,$21.95,Paris Baguette,08,2,Sunday,February,2026
182,2/7/2026,$11.65,Little Caesars,07,1,Saturday,February,2026
183,2/7/2026,$8.20,Mr Wish,07,1,Saturday,February,2026
184,2/6/2026,$15.71,Anitas,06,1,Friday,February,2026
185,2/6/2026,$20.00,Popeye's,06,1,Friday,February,2026
186,2/6/2026,$5.29,Little Caesars,06,1,Friday,February,2026
187,2/5/2026,$7.93,Costco,05,1,Thursday,February,2026
188,2/4/2026,$5.25,The Human Bean,04,1,Wednesday,February,2026
189,2/1/2026,$7.72,Domino's,01,1,Sunday,February,2026
190,1/28/2026,$26.34,Anitas,28,4,Wednesday,January,2026
191,1/24/2026,$22.00,Audacious Aleworks,24,4,Saturday,January,2026
192,1/24/2026,$15.13,Northside Social,24,4,Saturday,January,2026
193,1/24/2026,$22.92,Anitas,24,4,Saturday,January,2026
194,1/20/2026,$1.69,Taco Bell,20,3,Tuesday,January,2026
195,1/18/2026,$13.00,Anitas,18,3,Sunday,January,2026
196,1/18/2026,$24.48,Darna,18,3,Sunday,January,2026
197,1/17/2026,$21.12,Burger Shack,17,3,Saturday,January,2026
198,1/16/2026,$12.09,The Human Bean,16,3,Friday,January,2026
199,1/15/2026,$3.63,Wawa,15,3,Thursday,January,2026
200,1/15/2026,$10.70,Taco Bell,15,3,Thursday,January,2026
201,1/15/2026,$10.70,Taco Bell,15,3,Thursday,January,2026
202,1/13/2026,$7.80,Bruster's Ice Cream,13,2,Tuesday,January,2026
203,1/11/2026,$7.93,Costco,11,2,Sunday,January,2026
204,1/10/2026,$5.78,The Human Bean,10,2,Saturday,January,2026
205,1/8/2026,$17.26,Wonder,08,2,Thursday,January,2026
206,1/4/2026,$8.15,Costco,04,1,Sunday,January,2026
207,1/3/2026,$12.42,Mr Wish,03,1,Saturday,January,2026
208,12/30/2025,$10.58,Little Ceasars,30,5,Tuesday,December,2025
209,12/23/2025,$7.25,Wawa,23,4,Tuesday,December,2025
210,12/21/2025,$15.46,Virginia Kitchen,21,3,Sunday,December,2025
211,12/15/2025,$15.89,Taco Bell,15,3,Monday,December,2025
212,12/14/2025,$16.91,Bon Me Shack,14,2,Sunday,December,2025
213,12/14/2025,$13.04,Chipotle,14,2,Sunday,December,2025
214,12/13/2025,$7.00,Wintermarkt,13,2,Saturday,December,2025
215,12/13/2025,$24.57,Anitas,13,2,Saturday,December,2025
216,12/13/2025,$11.71,The Human Bean,13,2,Saturday,December,2025
217,12/7/2025,$44.64,Pisco y Nazca,07,1,Sunday,December,2025
218,12/7/2025,$15.36,Weird Bros,07,1,Sunday,December,2025
219,12/6/2025,$7.93,Regal,06,1,Saturday,December,2025
220,12/6/2025,$28.71,Popeyes,06,1,Saturday,December,2025
221,12/5/2025,$11.78,Wawa,05,1,Friday,December,2025
222,12/5/2025,$6.35,Little Ceasers,05,1,Friday,December,2025
223,12/3/2025,$8.86,Wawa,03,1,Wednesday,December,2025
224,12/1/2025,$11.82,The Human Bean,01,1,Monday,December,2025
225,11/28/2025,$47.00,Virginia Kitchen,28,4,Friday,November,2025
226,11/26/2025,$30.00,WooBois,26,4,Wednesday,November,2025
227,11/25/2025,$8.40,Taco Bell,25,4,Tuesday,November,2025
228,11/23/2025,$12.70,Little Ceasars,23,4,Sunday,November,2025
229,11/22/2025,$7.68,Dunkin,22,4,Saturday,November,2025
230,11/21/2025,$6.78,The Human Bean,21,3,Friday,November,2025
231,11/21/2025,$7.93,Regal,21,3,Friday,November,2025
232,11/20/2025,$2.90,Taco Bell,20,3,Thursday,November,2025
233,11/16/2025,$3.02,7-Eleven,16,3,Sunday,November,2025
234,11/16/2025,$11.54,Subway,16,3,Sunday,November,2025
235,11/15/2025,$7.25,Wawa,15,3,Saturday,November,2025
236,11/13/2025,$6.04,The Human Bean,13,2,Thursday,November,2025
237,11/11/2025,$6.25,The Human Bean,11,2,Tuesday,November,2025
238,11/9/2025,$3.63,Wawa,09,2,Sunday,November,2025
239,11/8/2025,$21.59,Jinya Ramen,08,2,Saturday,November,2025
240,11/7/2025,$6.04,The Human Bean,07,1,Friday,November,2025
241,11/7/2025,$11.69,Panera,07,1,Friday,November,2025
242,11/7/2025,$5.49,Taco Bell,07,1,Friday,November,2025
243,11/7/2025,$18.61,Commonwealth Brewing,07,1,Friday,November,2025
244,11/2/2025,$26.13,Henway Hard Cider,02,1,Sunday,November,2025
245,11/2/2025,$6.89,Dirt Farm Brewing,02,1,Sunday,November,2025
246,11/2/2025,$8.32,Bear Chase,02,1,Sunday,November,2025
247,10/29/2025,$19.59,Little Caesars,29,5,Wednesday,October,2025
248,10/25/2025,$6.04,The Human Bean,25,4,Saturday,October,2025
249,10/25/2025,$23.06,Little Washington Wine,25,4,Saturday,October,2025
250,10/24/2025,$14.39,AMC,24,4,Friday,October,2025
251,10/24/2025,$20.52,Panera,24,4,Friday,October,2025
252,10/24/2025,$5.78,The Human Bean,24,4,Friday,October,2025
253,10/22/2025,$40.32,Bento House,22,4,Wednesday,October,2025
254,10/22/2025,$10.50,Human Bean,22,4,Wednesday,October,2025
255,10/18/2025,$5.50,Vending,18,3,Saturday,October,2025
256,10/18/2025,$7.14,King's Dominion,18,3,Saturday,October,2025
257,10/18/2025,$4.38,Taco Bell,18,3,Saturday,October,2025
258,10/17/2025,$10.23,Panera,17,3,Friday,October,2025
259,10/17/2025,$4.00,Petsmart,17,3,Friday,October,2025
260,10/15/2025,$17.04,AMC,15,3,Wednesday,October,2025
261,10/14/2025,$1.89,Weird Bros,14,2,Tuesday,October,2025
262,10/13/2025,$19.39,Yu Noodles,13,2,Monday,October,2025
263,10/12/2025,$30.43,Pizza Twist,12,2,Sunday,October,2025
264,10/11/2025,$22.76,Taco Bell,11,2,Saturday,October,2025
265,10/1/2025,$10.82,The Human Bean,01,1,Wednesday,October,2025
266,9/28/2025,$6.61,Dairy Queen,28,4,Sunday,September,2025
267,9/28/2025,$59.67,Yu Noodles,28,4,Sunday,September,2025
268,9/27/2025,$15.87,Potbelly,27,4,Saturday,September,2025
269,9/27/2025,$6.20,Tatte Bakery,27,4,Saturday,September,2025
270,9/25/2025,$5.60,Taco Bell,25,4,Thursday,September,2025
271,9/25/2025,$10.16,Wendy's,25,4,Thursday,September,2025
272,9/23/2025,$7.41,Weird Bros,23,4,Tuesday,September,2025
273,9/22/2025,$2.62,Wawa,22,4,Monday,September,2025
274,9/21/2025,$11.44,De Clieu,21,3,Sunday,September,2025
275,9/20/2025,$11.60,Izzi,20,3,Saturday,September,2025
276,9/19/2025,$16.64,Taco Bell,19,3,Friday,September,2025
277,9/14/2025,$10.50,The Human Bean,14,2,Sunday,September,2025
278,9/14/2025,$8.98,Anitas,14,2,Sunday,September,2025
279,9/13/2025,$14.43,OH K-Dog,13,2,Saturday,September,2025
280,9/12/2025,$9.11,Taco Bell,12,2,Friday,September,2025
281,9/11/2025,$9.06,Weird Bros,11,2,Thursday,September,2025
282,9/11/2025,$23.01,Papa Johns,11,2,Thursday,September,2025
283,9/7/2025,$21.60,Taco Bell,07,1,Sunday,September,2025
284,9/6/2025,$28.09,Taco Bamba,06,1,Saturday,September,2025
285,9/4/2025,$10.58,Little Caesars,04,1,Thursday,September,2025
286,9/3/2025,$4.59,Taco Bell,03,1,Wednesday,September,2025
287,9/3/2025,$10.59,Dairy Queen,03,1,Wednesday,September,2025
288,8/31/2025,$13.44,McDonalds,31,5,Sunday,August,2025
289,8/28/2025,$19.71,Taco Bell,28,4,Thursday,August,2025
290,8/22/2025,$19.82,Taco Bell,22,4,Friday,August,2025
291,8/21/2025,$5.00,Wawa,21,3,Thursday,August,2025
292,8/20/2025,$16.41,Little Caesars,20,3,Wednesday,August,2025
293,8/19/2025,$16.59,Bento House,19,3,Tuesday,August,2025
294,8/17/2025,$7.68,Weird Bros,17,3,Sunday,August,2025
295,8/17/2025,$3.81,Taco Bell,17,3,Sunday,August,2025
296,8/17/2025,$6.50,Dominos,17,3,Sunday,August,2025
297,8/16/2025,$4.93,Wawa,16,3,Saturday,August,2025
298,8/16/2025,$45.03,Virginia Kitchen,16,3,Saturday,August,2025
299,8/14/2025,$9.91,Anitas,14,2,Thursday,August,2025
300,8/14/2025,$10.04,Wawa,14,2,Thursday,August,2025
301,8/14/2025,$10.68,Taco Bell,14,2,Thursday,August,2025
302,8/13/2025,$22.06,Wawa,13,2,Wednesday,August,2025
303,8/12/2025,$10.59,Dairy Queen,12,2,Tuesday,August,2025
304,8/10/2025,$6.50,Dominos,10,2,Sunday,August,2025
305,8/9/2025,$12.19,29th Parallel Coffee,09,2,Saturday,August,2025
306,8/7/2025,$21.18,Little Caesars,07,1,Thursday,August,2025
307,8/2/2025,$8.98,Taco Bell,02,1,Saturday,August,2025
308,8/2/2025,$16.31,Anitas,02,1,Saturday,August,2025
309,8/2/2025,$12.19,29th Parallel,02,1,Saturday,August,2025
310,7/31/2025,$14.58,Weird Bros,31,5,Thursday,July,2025
311,7/30/2025,$9.11,Taco Bell,30,5,Wednesday,July,2025
312,7/29/2025,$6.39,Weird Bros,29,5,Tuesday,July,2025
313,7/28/2025,$16.64,Taco Bell,28,4,Monday,July,2025
314,7/27/2025,$7.55,7-Eleven,27,4,Sunday,July,2025
315,7/25/2025,$12.72,Taco Bamba,25,4,Friday,July,2025
316,7/25/2025,$14.20,Chipotle,25,4,Friday,July,2025
317,7/24/2025,$13.76,Weird Bros,24,4,Thursday,July,2025
318,7/23/2025,$5.74,7-Eleven,23,4,Wednesday,July,2025
319,7/21/2025,$16.64,Taco Bell,21,3,Monday,July,2025
320,7/21/2025,$5.75,Wiseguy Pizza,21,3,Monday,July,2025
321,7/19/2025,$16.64,Bon Me Shack,19,3,Saturday,July,2025
322,7/19/2025,$7.31,Tea DM,19,3,Saturday,July,2025
323,7/19/2025,$13.89,Chipotle,19,3,Saturday,July,2025
324,7/18/2025,$12.95,The Boardroom,18,3,Friday,July,2025
325,7/18/2025,$5.18,Weird Bros,18,3,Friday,July,2025
326,7/18/2025,$13.70,Superette,18,3,Friday,July,2025
327,7/15/2025,$6.33,Weird Bros,15,3,Tuesday,July,2025
328,7/13/2025,$2.82,7-Eleven,13,2,Sunday,July,2025
329,7/12/2025,$38.05,Chi Mc,12,2,Saturday,July,2025
330,7/12/2025,$20.13,Little Caesars,12,2,Saturday,July,2025
331,7/12/2025,$16.53,De Clieu,12,2,Saturday,July,2025
332,7/10/2025,$8.48,Apiary Coffee,10,2,Thursday,July,2025
333,7/7/2025,$16.64,Taco Bell,07,1,Monday,July,2025
334,7/6/2025,$19.61,Anitas,06,1,Sunday,July,2025
335,6/29/2025,$6.23,7-Eleven,29,5,Sunday,June,2025
336,6/29/2025,$20.43,Northside Social,29,5,Sunday,June,2025
337,6/27/2025,$19.46,Anitas,27,4,Friday,June,2025
338,6/27/2025,$10.25,Dairy Queen,27,4,Friday,June,2025
339,6/27/2025,$53.00,Umai Ramen and Rice Bowl,27,4,Friday,June,2025
340,6/26/2025,$15.62,Weird Bros,26,4,Thursday,June,2025
341,6/26/2025,$13.12,Anitas,26,4,Thursday,June,2025
342,6/26/2025,$3.02,7-Eleven,26,4,Thursday,June,2025
343,6/23/2025,$12.60,Panera Bread,23,4,Monday,June,2025
344,6/23/2025,$13.25,Taco Bell,23,4,Monday,June,2025
345,6/21/2025,$15.85,Weird Bros,21,3,Saturday,June,2025
346,6/19/2025,$5.54,7-Eleven,19,3,Thursday,June,2025
347,6/19/2025,$8.67,Taco Bell,19,3,Thursday,June,2025
348,6/18/2025,$4.24,Wendy's,18,3,Wednesday,June,2025
349,6/16/2025,$1.77,7-Eleven,16,3,Monday,June,2025
350,6/15/2025,$10.79,Cracker Barrel,15,3,Sunday,June,2025
351,6/13/2025,$5.00,Dairy Queen,13,2,Friday,June,2025
352,6/13/2025,$8.05,Dulles Regional Chamber,13,2,Friday,June,2025
353,6/12/2025,$13.78,Apiary Coffee,12,2,Thursday,June,2025
354,6/12/2025,$7.53,Mccleaf's Market,12,2,Thursday,June,2025
355,6/11/2025,$18.87,Taco Bell,11,2,Wednesday,June,2025
356,6/8/2025,$20.11,Little Caesars,08,2,Sunday,June,2025
357,6/7/2025,$3.00,Regal,07,1,Saturday,June,2025
358,6/6/2025,$7.67,Papa Johns,06,1,Friday,June,2025
359,6/6/2025,$7.00,Friday Night Live,06,1,Friday,June,2025
360,6/5/2025,$6.00,House of Empanadas,05,1,Thursday,June,2025
361,6/5/2025,$22.26,Apiary Coffee,05,1,Thursday,June,2025
362,6/3/2025,$22.04,Taco Bell,03,1,Tuesday,June,2025
363,6/1/2025,$13.25,Taco Bell,01,1,Sunday,June,2025
364,5/31/2025,$22.25,Northside Social,31,5,Saturday,May,2025
365,5/30/2025,$10.25,Dairy Queen,30,5,Friday,May,2025
366,5/30/2025,$12.75,Wendy's,30,5,Friday,May,2025
367,5/25/2025,$42.00,Joe's Cafe,25,4,Sunday,May,2025
368,5/24/2025,$15.91,Panera,24,4,Saturday,May,2025
369,5/22/2025,$21.37,Virginia Kitchen,22,4,Thursday,May,2025
370,5/22/2025,$35.12,Ramen and Rice Bowl,22,4,Thursday,May,2025
371,5/21/2025,$2.00,Taco Bell,21,3,Wednesday,May,2025
372,5/19/2025,$22.25,Taco Bell,19,3,Monday,May,2025
373,5/18/2025,$12.39,Wendy's,18,3,Sunday,May,2025
374,5/17/2025,$14.37,Papa Johns,17,3,Saturday,May,2025
375,5/17/2025,$6.14,McDonald's,17,3,Saturday,May,2025
376,5/16/2025,$11.88,Panera,16,3,Friday,May,2025
377,5/15/2025,$2.51,7-Eleven,15,3,Thursday,May,2025
378,5/14/2025,$5.00,Weird Bros,14,2,Wednesday,May,2025
379,5/13/2025,$4.83,Panera,13,2,Tuesday,May,2025
380,5/11/2025,$56.00,Jinya Ramen,11,2,Sunday,May,2025
381,5/11/2025,$3.63,Wawa,11,2,Sunday,May,2025
382,5/10/2025,$10.91,Dairy Queen,10,2,Saturday,May,2025
383,5/8/2025,$6.86,Weird Bros,08,2,Thursday,May,2025
384,5/7/2025,$2.82,7-Eleven,07,1,Wednesday,May,2025
385,5/6/2025,$9.53,Chimney Cake Baker,06,1,Tuesday,May,2025
386,5/3/2025,$80.40,Right Proper Brewing Co,03,1,Saturday,May,2025
387,5/3/2025,$17.26,Taco Bell,03,1,Saturday,May,2025
388,5/3/2025,$3.63,Wawa,03,1,Saturday,May,2025
389,5/1/2025,$11.79,Weird Bros,01,1,Thursday,May,2025
390,5/1/2025,$11.79,Weird Bros,01,1,Thursday,May,2025
391,5/1/2025,$14.83,Aslin's,01,1,Thursday,May,2025
392,4/27/2025,$8.57,Weird Bros,27,4,Sunday,April,2025
393,4/27/2025,$15.73,McDonald's,27,4,Sunday,April,2025
394,4/26/2025,$13.25,Taco Bell,26,4,Saturday,April,2025
395,4/26/2025,$5.45,Northside Social,26,4,Saturday,April,2025
396,4/25/2025,$7.13,Weird Bros,25,4,Friday,April,2025
397,4/24/2025,$21.95,Weird Bros,24,4,Thursday,April,2025
398,4/20/2025,$20.82,Papa Johns,20,3,Sunday,April,2025
399,4/19/2025,$13.76,Weird Bros,19,3,Saturday,April,2025
400,4/19/2025,$16.41,Little Caesars,19,3,Saturday,April,2025
401,4/19/2025,$4.33,7-Eleven,19,3,Saturday,April,2025
402,4/18/2025,$2.51,7-Eleven,18,3,Friday,April,2025
403,4/18/2025,$2.51,7-Eleven,18,3,Friday,April,2025
404,4/16/2025,$29.68,Taco Bamba,16,3,Wednesday,April,2025
405,4/15/2025,$27.09,Popeyes,15,3,Tuesday,April,2025
406,4/13/2025,$8.05,Wendy's,13,2,Sunday,April,2025
407,4/9/2025,$11.38,Panera,09,2,Wednesday,April,2025
408,4/9/2025,$6.90,Dairy Queen,09,2,Wednesday,April,2025
409,4/6/2025,$22.25,Taco Bell,06,1,Sunday,April,2025
410,4/6/2025,$20.19,Panera,06,1,Sunday,April,2025
411,4/6/2025,$45.20,Bayou Bakery,06,1,Sunday,April,2025
412,4/5/2025,$16.05,Bon Me Shack,05,1,Saturday,April,2025
413,4/5/2025,$7.31,Tea DM,05,1,Saturday,April,2025
414,4/5/2025,$13.52,Firehouse Subs,05,1,Saturday,April,2025
415,4/4/2025,$22.32,Anitas,04,1,Friday,April,2025
416,4/1/2025,$40.00,Right Proper Brewing,01,1,Tuesday,April,2025
417,3/30/2025,$12.33,Weird Bros,30,5,Sunday,March,2025
418,3/28/2025,$27.98,Maizal,28,4,Friday,March,2025
419,3/27/2025,$8.03,Wendy's,27,4,Thursday,March,2025
420,3/26/2025,$9.88,Weird Bros,26,4,Wednesday,March,2025
421,3/23/2025,$13.15,Papa Johns,23,4,Sunday,March,2025
422,3/22/2025,$36.00,Virginia Kitchen,22,4,Saturday,March,2025
423,3/22/2025,$7.63,Mr. Wish,22,4,Saturday,March,2025
424,3/22/2025,$7.42,Wendy's,22,4,Saturday,March,2025
425,3/21/2025,$34.84,Bon Me Shack,21,3,Friday,March,2025
426,3/20/2025,$15.35,Weird Bros,20,3,Thursday,March,2025
427,3/20/2025,$1.10,Dairy Queen,20,3,Thursday,March,2025
428,3/18/2025,$9.77,Dairy Queen,18,3,Tuesday,March,2025
429,3/17/2025,$16.31,Taco Bell,17,3,Monday,March,2025
430,3/16/2025,$13.99,Weird Bros,16,3,Sunday,March,2025
431,3/15/2025,$43.35,Aslin's,15,3,Saturday,March,2025
432,3/2/2025,$41.20,Bon Me Shack,02,1,Sunday,March,2025
433,3/2/2025,$7.00,Tea DM,02,1,Sunday,March,2025
434,2/28/2025,$14.82,Weird Bros,28,4,Friday,February,2025
435,2/25/2025,$4.01,7-Eleven,25,4,Tuesday,February,2025
436,2/22/2025,$45.00,Bluemont Vineyard,22,4,Saturday,February,2025
437,2/22/2025,$43.99,Monk's BBQ,22,4,Saturday,February,2025
438,2/21/2025,$2.51,7-Eleven,21,3,Friday,February,2025
439,2/19/2025,$11.63,Taco Bell,19,3,Wednesday,February,2025
440,2/19/2025,$12.17,Papa Johns,19,3,Wednesday,February,2025
441,2/16/2025,$11.77,Weird Bros,16,3,Sunday,February,2025
442,2/16/2025,$24.80,Maizal,16,3,Sunday,February,2025
443,2/15/2025,$5.50,Weird Bros,15,3,Saturday,February,2025
444,2/15/2025,$135.33,Maizal,15,3,Saturday,February,2025
445,2/14/2025,$6.04,Mr. Wish,14,2,Friday,February,2025
446,2/12/2025,$27.19,I-HOP,12,2,Wednesday,February,2025
447,2/11/2025,$34.72,Look Cinemas,11,2,Tuesday,February,2025
448,2/8/2025,$13.25,Taco Bell,08,2,Saturday,February,2025
449,2/8/2025,$52.30,Absolute Noodles,08,2,Saturday,February,2025
450,2/8/2025,$6.86,Weird Bros,08,2,Saturday,February,2025
451,2/8/2025,$23.43,Fresh Baguette,08,2,Saturday,February,2025
452,2/6/2025,$6.36,Wendy's,06,1,Thursday,February,2025
453,2/2/2025,$7.00,Tea DM,02,1,Sunday,February,2025
454,2/1/2025,$40.51,Aslin's,01,1,Saturday,February,2025
455,2/1/2025,$13.49,Papa Johns,01,1,Saturday,February,2025
456,1/31/2025,$16.28,Weird Bros,31,5,Friday,January,2025
457,1/30/2025,$2.31,7-Eleven,30,5,Thursday,January,2025
458,1/30/2025,$17.80,Bagel Cafe,30,5,Thursday,January,2025
459,1/28/2025,$7.41,REGAL DULLES,28,4,Tuesday,January,2025
460,1/28/2025,$8.07,Bagel Cafe,28,4,Tuesday,January,2025
461,1/26/2025,$34.57,Yu Noodles,26,4,Sunday,January,2025
462,1/25/2025,$29.16,De Clieu,25,4,Saturday,January,2025
463,1/24/2025,$13.25,Taco Bell,24,4,Friday,January,2025
464,1/19/2025,$31.94,Anitas,19,3,Sunday,January,2025
465,1/17/2025,$48.00,Aslin's,17,3,Friday,January,2025
466,1/14/2025,$24.82,Moby Dick,14,2,Tuesday,January,2025
467,1/7/2025,$5.57,Tea DM,07,1,Tuesday,January,2025
468,1/5/2025,$32.07,Bon Me Shack,05,1,Sunday,January,2025
469,1/2/2025,$28.22,Bon Me Shack,02,1,Thursday,January,2025
470,1/2/2025,$6.07,Tea DM,02,1,Thursday,January,2025